City,Cloudiness,Country,Date,Humidity,Latitude,Longitude,Max Temp,Wind Speed
Timbo,92,BR,1512360204,92,-26.83,-49.3,292.644,1.41
Melati,36,ID,1512360205,94,-7.73,110.37,301.619,1.91
Stankov,90,CZ,1512358500,86,49.55,13.07,272.15,4.1
Cazin,0,BA,1512360206,80,44.97,15.94,265.394,0.86
Calantac,92,PH,1512360207,100,17.91,121.73,297.969,2.11
Jogighopa,20,IN,1512360208,70,26.23,90.58,293.044,2.06
Arapongas,0,BR,1512356400,65,-23.38,-51.45,299.15,2.61
Morococha,0,PE,1512360210,91,-11.6,-76.14,270.769,1.26
Los Santos,40,CO,1512356400,94,7.17,-73.09,294.15,1.0
Gobojango,0,BW,1512356400,69,-21.97,28.33,297.15,3.56
Anibongan,40,PH,1512356400,62,7.39,125.72,305.15,5.1
Tamahu,92,GT,1512360213,100,15.33,-90.17,291.594,0.16
Akina,0,NZ,1512360213,79,-39.65,176.83,294.544,6.41
Alubijid,24,PH,1512360214,90,8.96,125.43,301.844,2.31
Paringao,24,PH,1512360215,83,16.57,120.32,298.394,1.16
Yubileynyy,88,RU,1512360215,89,58.78,57.78,269.044,5.06
Pichucalco,5,MX,1512355560,100,17.52,-93.07,295.15,2.6
Nuh,20,IN,1512356400,67,28.12,77.02,287.15,1.21
Szczęść Boże,90,PL,1512358200,85,50.31,18.86,269.15,5.7
Tokonou,32,GN,1512360218,51,9.65,-9.78,298.894,3.56
Hamanose,90,JP,1512359100,81,33.88,135.15,284.15,1.5
Chipiona,0,ES,1512358200,86,36.74,-6.44,276.15,2.1
Moralillo,40,MX,1512355500,88,22.22,-97.9,296.15,2.6
Flensburg,75,DE,1512357600,80,54.78,9.43,278.15,7.2
Teghra,0,IN,1512360222,72,25.48,85.95,290.119,3.41
Kashihara,75,JP,1512358200,71,34.58,135.62,284.15,1.5
Sortino,0,IT,1512357600,86,37.15,15.03,277.15,4.1
Passage West,75,IE,1512358200,93,51.87,-8.34,280.15,2.1
Posadas,0,AR,1512356400,78,-27.35,-55.78,297.15,1.76
Ode,0,NG,1512360225,83,7.79,5.71,291.469,1.21
Alice,40,US,1512357300,94,27.75,-98.07,296.15,4.1
Binidayan,44,PH,1512360226,90,7.81,124.17,298.419,1.41
Garland,40,US,1512357540,77,32.91,-96.64,293.15,7.2
Nanyang,8,CN,1512360228,69,32.99,112.53,278.744,6.46
Rijkevorsel,90,BE,1512359700,100,51.35,4.77,278.15,2.1
Lewisville,1,US,1512360000,57,36.1,-80.42,284.15,1.31
Perama,20,GR,1512357600,87,37.97,23.57,283.15,1.5
La Sarrosa,56,HN,1512360230,100,15.23,-87.85,291.544,0.91
Criseni,90,RO,1512358200,99,47.23,23.05,274.15,4.6
Sao Bras de Alportel,0,PT,1512358200,36,37.15,-7.89,282.15,6.2
Kuruc-domb,75,HU,1512357600,74,47.68,16.6,274.15,7.7
Sovkhoznyy,90,RU,1512358200,100,56.76,60.55,269.15,3.0
San Miguel Coatlinchan,20,MX,1512355680,48,19.45,-98.87,289.15,2.1
Lansing,90,US,1512359100,43,41.56,-87.54,284.15,6.2
Vodstroy,90,RU,1512358200,94,48.84,44.56,273.15,7.0
Odobesti,0,RO,1512358200,93,44.62,25.57,276.15,4.6
Coxquihui,48,MX,1512360238,87,20.18,-97.58,291.769,1.06
Gort,75,IE,1512360000,93,53.07,-8.82,278.15,3.41
Rania,12,IN,1512360239,76,29.53,74.83,284.094,1.46
Fomento,75,CU,1512355800,88,22.1,-79.72,294.15,2.6
Chernitsyno,90,RU,1512358200,100,51.51,36.05,278.15,6.0
Jafarpur,0,IN,1512356400,68,22.32,88.23,292.15,2.6
Hameln,75,DE,1512359400,86,52.1,9.35,278.15,6.2
Vore,90,AL,1512357600,81,41.39,19.66,281.15,3.1
Vistalba,75,AR,1512356400,77,-33.04,-68.88,291.15,1.0
Zemaiciu Naumiestis,88,LT,1512360245,100,55.36,21.7,273.769,6.16
Aguazul,12,CO,1512360246,95,5.17,-72.55,289.494,0.71
Gardone Val Trompia,0,IT,1512357600,74,45.68,10.18,273.15,2.6
Sibucao,24,PH,1512360248,80,10.42,122.89,301.719,1.41
Nieuwerkerken,75,BE,1512359700,93,50.87,5.18,278.15,2.6
Tamiso,20,PH,1512356400,74,9.63,123.09,303.15,3.1
Sibbo,75,FI,1512359400,84,60.37,25.27,274.15,2.6
Emod,68,HU,1512360250,89,47.93,20.82,270.244,1.96
Useldange,75,LU,1512359760,100,49.77,5.98,273.15,4.6
Bergkamen,92,DE,1512359400,93,51.63,7.63,278.15,4.1
Dzerzhynsk,56,UA,1512359991,89,48.4,37.85,278.019,5.21
Rockwall,75,US,1512357540,77,32.93,-96.46,293.15,5.7
Morong,20,PH,1512356400,58,14.68,120.27,304.15,5.1
Pasuquin,40,PH,1512356400,74,18.33,120.62,302.15,4.1
Tutubigan,44,PH,1512360255,89,11.84,125.06,302.894,3.16
Verl,75,DE,1512359400,93,51.88,8.52,278.15,4.1
Springfield,1,US,1512359160,74,38.79,-77.19,275.15,1.21
Odzun,12,AM,1512360257,60,41.05,44.61,257.119,0.96
Mazarefes,0,PT,1512358200,100,41.68,-8.77,278.15,4.1
San Marcos,75,HN,1512356400,94,15.27,-88.43,295.15,0.96
Aliaga,75,PH,1512356400,62,15.5,120.84,304.15,1.0
Aguimes,40,ES,1512358200,59,27.91,-15.45,292.15,8.2
Kabalantian,0,PH,1512360260,97,8.37,124.33,300.969,2.06
South Pasadena,1,US,1512358680,93,34.12,-118.15,289.15,0.46
Sainte-Anne,20,GP,1512358200,78,16.23,-61.37,299.15,2.6
Asaka,75,JP,1512357240,37,35.8,139.6,286.15,2.1
Santiago Yaitepec,0,MX,1512360239,100,16.23,-97.23,289.344,0.31
Oktyabr’skiy,75,RU,1512358200,93,50.45,36.36,278.15,5.0
Bebedouro,88,BR,1512360264,98,-20.93,-48.47,293.519,1.11
Sakai,20,JP,1512359760,46,36.1,139.8,286.15,2.1
La Plata,40,AR,1512356400,88,-34.92,-57.95,292.15,3.1
Vaijapur,24,IN,1512360267,74,19.92,74.73,291.894,4.21
Navolato,75,MX,1512355200,73,24.77,-107.69,296.15,2.21
Feres,20,GR,1512357600,87,40.9,26.17,285.15,3.1
Romani,90,RO,1512358200,100,46.78,26.68,274.15,1.76
Keller,40,US,1512357540,82,32.93,-97.25,293.15,5.1
Csengele,0,HU,1512357300,80,46.54,19.86,273.15,6.2
Peremyshl,92,RU,1512360271,96,54.26,36.16,273.644,3.31
San Vicente,12,PH,1512360271,100,6.45,124.79,300.544,1.66
Oksbol,92,DK,1512361200,75,55.63,8.29,284.15,7.7
Lincoln,1,US,1512358500,66,40.15,-89.36,286.15,4.6
Calabazar de Sagua,75,CU,1512355800,88,22.64,-79.9,294.15,2.6
Dubrovnik,20,HR,1512358200,81,42.65,18.09,279.15,4.1
Nocaima,20,CO,1512356400,81,5.07,-74.38,284.15,2.1
Dunapataj,0,HU,1512357300,80,46.64,19.0,272.15,6.2
Coruche,0,PT,1512358200,65,38.96,-8.53,278.15,3.1
Yanagawa,75,JP,1512358200,58,33.17,130.4,287.15,3.6
Webster,90,US,1512359580,100,29.54,-95.12,293.15,4.21
Cruz,0,PT,1512358200,79,41.43,-8.48,278.15,4.1
Yamakita,20,JP,1512359760,46,35.32,139.11,287.15,2.1
Uttarkashi,32,IN,1512360280,82,30.73,78.45,274.519,0.71
Marshall,1,US,1512357300,63,32.54,-94.37,291.15,2.41
Charkhari,88,IN,1512360282,51,25.4,79.75,288.344,1.26
Balsa,32,RO,1512360283,89,46.03,23.12,268.519,1.66
Nangavalli,24,IN,1512360283,97,11.75,77.88,294.769,1.86
Herrera,48,PH,1512360284,85,13.27,123.58,301.369,1.76
Buren,75,DE,1512359400,93,51.55,8.57,277.15,4.1
Sebaste,0,PH,1512360286,96,11.59,122.09,301.519,5.01
Sarahan,20,IN,1512360287,38,31.52,77.8,253.269,0.91
Kajatian,44,PH,1512360287,93,6.03,120.99,303.219,2.66
Palmeirais,0,BR,1512360288,38,-5.97,-43.07,301.919,3.86
Atalaya,0,PA,1512360289,81,8.05,-80.93,297.519,2.21
Castillo de Teayo,44,MX,1512360290,85,20.75,-97.62,294.919,2.06
Kumylzhenskaya,92,RU,1512360290,95,49.88,42.59,277.594,5.16
Touchongbu,75,TW,1512358200,72,24.8,121.17,294.15,9.8
Karmana Shahri,90,UZ,1512358200,85,40.14,65.36,268.15,2.1
Pichayevo,92,RU,1512360292,94,53.24,42.2,274.494,5.31
Hope Mills,1,US,1512359640,100,34.97,-78.95,283.15,1.5
Cagdianao,24,PH,1512360294,95,9.92,125.67,301.344,3.31
Tairua,0,NZ,1512360295,52,-37.02,175.85,296.969,2.61
Aksu,44,KZ,1512358200,85,42.42,69.83,266.15,1.06
Hailin,0,CN,1512360297,55,44.58,129.42,260.219,2.51
Matiri,12,TZ,1512360298,100,-10.75,34.9,291.669,1.41
Naushki,32,RU,1512360298,68,50.38,106.11,258.869,1.31
Cajica,20,CO,1512356400,81,4.92,-74.03,284.15,2.1
Balotesti,0,RO,1512358200,93,44.62,26.12,276.15,4.6
Villa Sandino,12,NI,1512360300,81,12.05,-84.98,297.219,5.71
Ocampo,12,MX,1512360301,95,22.83,-99.33,285.344,1.01
Macesu de Sus,0,RO,1512358200,100,43.92,23.7,273.15,6.2
Vitkov,90,CZ,1512358200,80,49.78,17.75,272.15,8.2
Apango,0,MX,1512360304,81,17.73,-99.33,285.369,0.96
Santa Cruz Cuauhtenco,40,MX,1512355740,75,19.25,-99.73,281.15,1.5
Caipan,32,MX,1512360232,100,18.3,-97.17,282.644,0.31
Dushanbe,90,TJ,1512358200,86,38.56,68.77,270.15,2.0
Somers Point,40,US,1512359700,100,39.32,-74.59,275.15,2.41
Corpus,0,HN,1512360307,58,13.22,-87.0,298.519,3.36
Torredonjimeno,0,ES,1512358200,92,37.77,-3.96,270.15,0.5
Bad Bramstedt,0,DE,1512359400,86,53.92,9.88,278.15,5.1
Rumlang,75,CH,1512357600,88,47.45,8.53,273.15,1.5
Esterhazy,88,CA,1512360309,92,50.65,-102.08,267.994,2.56
Martinsried,90,DE,1512359400,92,48.1,11.45,272.15,7.2
Savino,80,RU,1512360311,95,56.59,41.22,271.169,1.46
Umburatiba,64,BR,1512360311,94,-17.42,-40.48,294.244,1.36
Faridpur,92,IN,1512360312,83,28.22,79.55,287.794,1.36
Uturoa,0,PF,1512360313,95,-16.73,-151.43,301.494,3.96
Pentalofos,40,GR,1512357600,65,40.74,22.85,281.15,2.6
Lopez Jaena,56,PH,1512360314,100,10.85,123.41,300.719,3.21
Lauenen,40,CH,1512357600,79,46.41,7.34,273.15,0.5
Gandara,44,PH,1512360315,89,12.01,124.81,302.894,3.16
Ashta,44,IN,1512360316,64,16.95,74.4,294.619,5.31
Rocky Mount,1,US,1512359700,100,35.94,-77.79,277.15,2.1
Bongandanga,32,CD,1512360318,93,1.5,21.05,296.419,1.41
Dobresti,48,RO,1512360318,92,44.97,25.13,271.119,1.41
Bauan,92,PH,1512360319,100,17.72,121.69,297.969,2.11
Concepcion,0,CL,1512356400,82,-36.83,-73.05,287.15,3.1
Sherrebek,0,DK,1512359400,86,55.16,8.77,278.15,5.1
Lumding Railway Colony,0,IN,1512360322,82,25.75,93.17,293.144,0.76
Vila Matias,75,BR,1512359100,77,-23.95,-46.33,293.15,3.1
Perama,20,GR,1512357600,77,35.37,24.7,289.15,2.1
Crieff,0,GB,1512359400,93,56.37,-3.83,280.15,4.1
Luchenza,0,MW,1512360325,73,-16.02,35.3,293.919,1.61
Fos-sur-Mer,0,FR,1512358200,47,43.44,4.95,276.15,4.6
Malovat,36,RO,1512360327,82,44.7,22.73,267.919,0.86
Prnjavor,0,BA,1512358200,100,44.87,17.66,268.15,1.0
Voru,68,EE,1512359400,92,57.83,27.02,272.15,4.1
Mundargi,0,IN,1512360329,80,15.22,75.9,295.169,5.71
Buenos Aires,5,MX,1512355860,77,19.07,-102.17,289.15,0.86
San Bruno,1,US,1512358500,81,37.63,-122.41,285.15,2.6
Casin,90,RO,1512358200,100,46.2,26.75,274.15,1.41
Hoshcha,92,UA,1512360229,96,50.6,26.67,271.719,2.96
Wigan,75,GB,1512359400,100,53.53,-2.62,282.15,4.1
Rangpur,8,BD,1512360333,77,25.75,89.25,292.769,1.76
Rena,0,NO,1512360334,84,61.13,11.37,261.744,2.21
Estado do Amazonas,44,BR,1512360335,87,-5.62,-63.19,298.844,1.06
Chekalin,92,RU,1512360336,96,54.05,36.29,273.644,3.31
Clane,75,IE,1512358200,93,53.29,-6.69,280.15,5.1
Clifton,75,VC,1512356400,88,12.48,-61.47,300.15,5.1
Linguère,0,SN,1512360338,38,15.4,-15.12,294.369,5.26
Severobaykalsk,48,RU,1512360339,62,55.65,109.32,249.794,0.71
Sinjai,48,ID,1512360340,68,-5.33,120.14,304.119,0.96
Karatu,0,TZ,1512360340,82,-3.33,35.67,291.369,2.66
Costache Negri,12,RO,1512360341,91,45.7,27.72,271.519,1.21
Antioquia,40,CO,1512356400,93,6.56,-75.83,288.15,1.5
Guacimo,20,CR,1512356400,73,10.21,-83.68,294.15,7.7
Mola di Bari,0,IT,1512357600,93,41.07,17.08,278.15,4.1
Chaudfontaine,75,BE,1512359700,93,50.58,5.63,277.15,2.6
Negresti-Oas,90,RO,1512358200,95,47.87,23.43,273.15,4.6
Toyos,92,HN,1512360346,96,15.55,-87.65,294.794,0.96
Nelas,0,PT,1512360347,74,40.53,-7.85,267.419,1.61
Palencia,0,ES,1512360348,77,42.01,-4.52,267.994,1.31
Sedona,1,US,1512358500,43,34.87,-111.76,286.15,4.1
Tlacote el Bajo,40,MX,1512355200,62,20.65,-100.5,285.15,1.5
Matelica,40,IT,1512355800,75,43.25,13.0,278.15,2.6
Dijkot,0,PK,1512360350,83,31.22,72.98,283.719,1.26
Solin,0,HR,1512358200,55,43.55,16.5,277.15,3.1
Kiblawan,0,PH,1512360352,86,6.61,125.24,302.269,1.56
Er Reina,0,IL,1512360353,77,32.72,35.31,276.344,1.21
Bex,40,CH,1512357600,79,46.25,7.01,273.15,0.5
Murray,40,US,1512359700,58,36.61,-88.31,286.15,3.1
Falkenstein,90,DE,1512356400,92,50.48,12.37,270.15,4.1
Cleveland,1,US,1512359700,69,41.5,-81.7,277.15,4.1
Kosikha,64,RU,1512360356,78,53.36,84.58,260.469,4.31
Placer,44,PH,1512360356,100,9.66,125.6,299.294,2.91
Stanesti,0,RO,1512358200,86,43.92,25.83,276.15,4.1
Kolobrzeg,44,PL,1512360358,91,54.18,15.59,276.394,5.51
Visani,0,RO,1512360360,95,45.15,27.28,274.119,3.61
General Pico,44,AR,1512360360,61,-35.66,-63.76,293.019,5.01
Herran,40,CO,1512356400,88,7.51,-72.48,299.15,0.61
Hanson,90,US,1512359760,80,42.08,-70.88,279.15,1.5
Ābyek,0,IR,1512356400,79,36.04,50.53,271.15,5.1
Oyama,0,JP,1512360364,53,34.6,138.22,287.969,1.56
Suzzara,40,IT,1512357600,86,45.0,10.75,273.15,1.5
Pietroasa,88,RO,1512360365,89,45.83,22.4,270.244,1.31
Luton,75,GB,1512357600,93,51.88,-0.42,277.15,3.6
Nuevo Imperial,0,PE,1512360366,92,-13.08,-76.33,288.119,0.46
Perai,75,MY,1512358200,74,5.38,100.39,303.15,1.5
Dunmanway,75,IE,1512358200,93,51.72,-9.12,280.15,2.1
Millbrook,1,US,1512358500,93,32.48,-86.36,284.15,1.61
Nes,36,NO,1512360369,72,60.15,11.47,262.269,1.51
San Pedro de Uraba,8,CO,1512360370,94,8.28,-76.38,297.044,1.76
Balas,75,PH,1512356400,62,15.03,120.61,304.15,1.0
Jicin,90,CZ,1512356400,100,50.44,15.36,273.15,4.1
Zadonsk,90,RU,1512358200,100,52.39,38.93,276.15,6.0
East Grand Forks,90,US,1512359760,74,47.93,-97.03,276.15,4.6
Sinait,75,PH,1512356400,62,15.52,120.57,304.15,1.0
Dhone,0,IN,1512360375,79,15.42,77.88,294.269,2.96
Hidalgo,1,MX,1512359700,83,26.05,-98.2,297.15,5.1
Kultuk,80,RU,1512360376,79,51.72,103.7,262.919,0.36
Usoke,75,TZ,1512356400,93,-5.1,32.33,292.15,1.16
Provita de Sus,8,RO,1512360378,90,45.13,25.63,272.419,2.41
Gauripur,12,IN,1512360379,81,26.08,89.96,292.969,1.46
Palaiseau,90,FR,1512358200,100,48.72,2.25,277.15,1.0
Parham,40,AG,1512356400,78,17.08,-61.77,300.15,3.1
Dolany,90,CZ,1512358200,80,49.65,17.32,272.15,8.2
City of Banjul,0,GM,1512356400,78,13.45,-16.58,295.15,3.1
Batarci,90,RO,1512358200,95,48.03,23.17,273.15,4.6
Prado,20,PH,1512356400,58,14.87,120.52,304.15,5.1
Trakai,75,LT,1512360180,86,54.63,24.93,271.15,4.1
Buzuluk,92,RU,1512360386,82,52.78,52.26,267.469,5.71
Lypcha,88,UA,1512360387,95,48.26,23.38,271.344,1.46
Horka nad Moravou,90,CZ,1512358200,80,49.64,17.21,272.15,8.2
Porbandar,24,IN,1512360388,73,21.63,69.6,295.544,5.81
Dobre Miasto,68,PL,1512360389,93,53.99,20.39,272.594,6.16
Sapoca,0,RO,1512360390,95,45.25,26.75,274.119,3.61
Almunecar,0,ES,1512358200,92,36.73,-3.69,270.15,0.5
Bogatoye,92,RU,1512360391,82,53.06,51.33,268.094,5.81
Cesky Tesin,90,CZ,1512358200,80,49.75,18.62,272.15,8.2
Petilia Policastro,90,IT,1512356100,100,39.12,16.78,278.15,7.7
Ząbki,75,PL,1512360000,86,52.29,21.11,272.15,3.6
Minamata,75,JP,1512356400,71,32.22,130.4,284.15,5.7
Kirchzarten,75,DE,1512358200,88,47.97,7.95,273.15,2.1
Seka,0,TH,1512360395,54,17.93,103.96,299.519,7.16
Sem,36,NO,1512359400,94,59.28,10.33,273.15,1.5
Topliceni,8,RO,1512360397,82,45.42,27.0,268.244,1.16
Mödling,75,AT,1512357600,74,48.08,16.28,274.15,7.7
Słupca,92,PL,1512360398,95,52.29,17.87,273.969,6.36
Pionerskiy,0,RU,1512360399,84,61.19,62.87,264.919,2.66
Sobradinho,92,BR,1512360400,91,-29.4,-53.05,293.669,1.06
Triesenberg,90,LI,1512359400,100,47.12,9.53,273.15,3.6
Stari Banovci,75,RS,1512358200,92,44.99,20.29,272.15,3.1
Vilkija,90,LT,1512360180,79,55.05,23.58,271.15,4.1
Xanxere,40,BR,1512356400,94,-26.88,-52.38,293.15,5.1
Chicontepec,12,MX,1512360209,86,20.97,-98.17,292.344,1.31
Tambov,88,RU,1512360406,97,52.73,41.44,274.719,6.11
Andra,0,RU,1512360407,85,62.51,65.89,264.119,3.11
Lida,80,BY,1512360407,88,53.88,25.3,267.469,4.66
Round Lake Beach,1,US,1512358500,65,42.37,-88.09,283.15,7.7
Tara,92,RU,1512360409,90,56.89,74.37,266.369,3.76
Barauli,20,IN,1512360410,63,26.4,84.58,289.594,1.86
Bogdanesti,40,RO,1512358200,61,47.37,26.28,273.15,3.1
Summerside,90,CA,1512356400,87,46.4,-63.78,274.15,1.0
Aldergrove,40,CA,1512357300,93,49.06,-122.46,277.15,0.96
Speightstown,75,BB,1512356400,88,13.25,-59.65,299.15,5.7
Cleland,75,GB,1512359400,100,55.8,-3.9,282.15,4.1
San Andres Sajcabaja,0,GT,1512360415,91,15.22,-90.92,284.019,0.91
Formia,0,IT,1512356100,93,41.25,13.62,278.15,1.06
Lienz,12,AT,1512360416,62,46.83,12.76,253.469,0.71
Capalayan,44,PH,1512360417,100,9.74,125.54,299.294,2.91
Bayeux,90,FR,1512358200,93,49.28,-0.71,282.15,2.6
Batan,80,CR,1512360418,95,10.08,-83.34,296.169,0.61
Basiawan,40,PH,1512356400,62,6.51,125.51,305.15,5.1
Kola,75,RU,1512358200,85,68.88,33.02,269.15,1.0
Palani,88,IN,1512360421,98,10.47,77.53,291.919,0.41
Buyo,48,PH,1512360422,85,13.11,123.87,301.369,1.76
Vela,0,RO,1512358200,96,44.28,23.42,273.15,6.2
San Miguel Octopan,40,MX,1512355200,62,20.57,-100.73,285.15,1.5
Zheleznodorozhnyy,92,RU,1512360424,89,54.36,21.31,272.494,5.86
Sunam,20,IN,1512360424,76,30.13,75.8,284.519,1.21
Takaungu,75,KE,1512356400,94,-3.68,39.85,300.15,1.21
Tianpeng,40,CN,1512356400,100,30.99,103.94,282.15,1.0
Belvedere Park,1,US,1512358500,93,33.75,-84.27,287.15,2.51
Ashitkovo,90,RU,1512358200,92,55.45,38.6,270.15,2.0
Uruburetama,32,BR,1512360429,81,-3.63,-39.5,297.894,4.21
Senhora da Hora,0,PT,1512358200,79,41.19,-8.65,278.15,4.1
Nykoping,0,SE,1512359400,86,58.75,17.0,272.15,5.7
Simeria,80,RO,1512360431,91,45.85,23.02,269.044,1.06
Purushottampur,0,IN,1512360135,68,19.53,84.88,293.094,1.96
Fonyod,0,HU,1512357300,68,46.76,17.58,272.15,3.1
Othaya,24,KE,1512360433,93,-0.57,36.95,284.894,0.91
Kadyy,76,RU,1512360434,100,57.79,43.19,267.994,1.61
Rajmahal,0,IN,1512360295,73,25.05,87.83,291.244,2.11
Mizur,24,RU,1512360435,71,42.85,44.01,263.144,0.31
Xiabancheng,0,CN,1512360436,23,40.77,118.17,265.369,3.46
Bernalillo,20,US,1512359700,37,35.3,-106.55,286.15,3.1
Mikuni,80,JP,1512360438,91,36.22,136.15,284.244,1.51
"Brgy. Bulwang, Numancia",24,PH,1512360439,100,11.72,122.35,301.119,4.86
Granby,90,CA,1512357300,92,45.38,-72.73,273.15,1.5
Capalnita,68,RO,1512360440,88,46.37,25.52,268.794,1.21
Boyalik,75,TR,1512357600,77,41.16,28.62,289.15,4.1
Saint-Joseph,0,RE,1512358200,65,-21.37,55.62,301.15,1.5
Karlshamn,0,SE,1512359400,100,56.17,14.85,273.15,1.5
Iluppur,20,IN,1512360000,69,10.52,78.63,300.15,4.1
Palma del Rio,0,ES,1512360000,74,37.7,-5.28,279.15,3.6
Murygino,88,RU,1512360444,94,58.74,49.46,272.519,4.31
Taiping,75,MY,1512356400,79,4.85,100.73,302.15,1.5
Sirsilla,0,IN,1512360446,78,18.38,78.83,292.669,2.16
Gongzhuling,0,CN,1512360446,48,43.51,124.81,258.894,2.71
Fukuyama,75,JP,1512356400,70,34.48,133.37,283.15,1.86
Les Ponts-de-Ce,90,FR,1512360000,100,47.42,-0.52,280.15,1.5
Zavitinsk,0,RU,1512360448,59,50.11,129.44,248.219,1.56
Galt,1,US,1512358500,73,38.25,-121.3,283.15,3.1
Plaza de Caisan,12,PA,1512360450,98,8.73,-82.82,289.044,0.66
Rajo Khanani,0,PK,1512360451,51,24.98,68.85,287.219,3.21
Lismore,88,AU,1512360361,81,-28.81,153.28,295.519,1.76
San Pedro Pinula,100,GT,1512360452,83,14.78,-89.78,291.744,0.76
Breaza,36,RO,1512360453,85,47.62,25.33,268.269,1.86
Shelby,1,US,1512359820,69,40.88,-82.66,276.15,3.6
Marquette,90,US,1512358500,93,46.54,-87.4,276.15,4.6
Ramat Yishay,0,IL,1512360309,77,32.7,35.18,276.344,1.21
Fall River,90,US,1512359760,83,41.7,-71.16,278.15,1.06
San Carlos,75,PH,1512356400,62,15.54,120.89,304.15,1.0
Concesti,0,RO,1512358200,59,48.17,26.55,273.15,2.0
Vasilyevskiy Mokh,88,RU,1512360457,93,57.01,35.92,268.469,2.31
Kaliua,64,TZ,1512360458,93,-5.06,31.79,288.869,1.01
Deutschlandsberg,40,AT,1512358200,92,46.82,15.22,266.15,0.5
Aci Castello,0,IT,1512357600,86,37.55,15.13,277.15,4.1
Ciobanu,20,RO,1512358200,100,44.73,27.97,278.15,5.7
Jhalawar,80,IN,1512360461,55,24.6,76.15,289.419,1.36
Usumatlan,100,GT,1512360462,83,14.95,-89.78,291.744,0.76
Yermakovskoye,0,RU,1512360463,80,53.28,92.4,268.719,4.56
Muriae,92,BR,1512360463,98,-21.13,-42.37,292.344,1.11
Möllbergen,75,DE,1512359400,86,52.22,8.93,278.15,6.2
Ibabang Tayuman,0,PH,1512360464,100,13.42,122.52,301.219,4.86
Molave,56,PH,1512360465,91,8.08,123.49,300.469,0.66
Limin Khersonisou,20,GR,1512357600,77,35.3,25.37,289.15,2.1
Oancea,56,RO,1512360466,93,45.92,28.1,271.119,1.26
San Jeronimo,24,PE,1512360467,89,-13.65,-73.36,279.044,0.86
Munsingen,75,DE,1512359400,85,48.42,9.5,273.15,1.5
Cabusao,20,PH,1512360469,82,13.72,123.12,301.919,4.76
Zary,88,PL,1512360469,96,51.64,15.14,275.219,6.61
Nakambala,32,ZM,1512360470,85,-15.83,27.77,292.394,1.31
Perepravnaya,56,RU,1512360471,65,44.34,40.78,272.744,1.31
Saveni,40,RO,1512358200,74,47.95,26.87,273.15,3.1
Schweinfurt,90,DE,1512359280,94,50.05,10.23,273.15,6.2
Williston,75,US,1512359700,86,44.44,-73.07,273.15,1.66
Sanford,1,US,1512359760,86,43.44,-70.77,272.15,2.1
Galatsi,20,GR,1512357600,87,38.02,23.75,283.15,1.5
Ikunde,75,GQ,1512356400,100,1.85,9.75,298.15,3.51
Dusi,20,IN,1512360000,74,12.77,79.68,301.15,4.1
Agios Georgios,40,GR,1512357600,65,40.62,22.18,281.15,2.6
Trebaseleghe,0,IT,1512357600,86,45.59,12.05,272.15,0.5
Woodmere,20,US,1512359760,81,40.63,-73.71,280.15,1.5
Nalobikha,64,RU,1512360479,78,53.2,84.6,260.469,4.31
Syumsi,88,RU,1512360480,85,57.01,51.34,271.394,3.31
Sochi,80,RU,1512358200,81,43.6,39.73,281.15,2.0
Atasu,68,KZ,1512360481,78,48.68,71.64,261.219,1.41
Plastunovskaya,44,RU,1512358200,93,45.3,39.27,277.15,2.0
Atiquizaya,0,SV,1512360483,52,13.98,-89.75,301.169,4.21
Euxton,75,GB,1512359400,100,53.68,-2.7,282.15,4.1
Radomir,90,BG,1512358200,100,42.54,22.96,274.15,3.1
Makedonska Kamenica,48,MK,1512360485,97,42.02,22.59,275.294,0.81
Jeumont,75,FR,1512359640,100,50.3,4.1,277.15,2.1
Szigetujfalu,0,HU,1512358200,74,47.23,18.93,272.15,4.6
Guaratuba,92,BR,1512360487,100,-25.88,-48.57,294.219,2.46
Sandweiler,75,LU,1512359760,100,49.61,6.22,273.15,4.6
Nanlong,56,CN,1512360489,96,31.35,106.06,283.494,1.96
Induno Olona,0,IT,1512357600,86,45.85,8.83,272.15,1.0
Rivne,92,UA,1512360490,96,50.62,26.23,271.719,2.96
Etchoropo,0,MX,1512360438,91,26.77,-109.67,291.769,3.06
Nizhniy Dzhengutay,0,RU,1512358200,86,42.7,47.24,278.15,4.0
Komnina,0,GR,1512360493,100,40.6,21.78,273.719,0.91
Alfonsine,40,IT,1512357600,86,44.51,12.06,274.15,1.5
Waldheim,75,DE,1512359400,93,51.07,13.02,275.15,4.6
Debar,75,MK,1512359400,81,41.52,20.53,281.15,2.6
Turuvekere,20,IN,1512360496,84,13.16,76.67,293.669,4.66
Khushab,0,PK,1512360298,88,32.3,72.35,281.544,1.61
Teguldet,88,RU,1512360497,76,57.31,88.17,266.294,4.46
Becal,75,MX,1512355320,73,20.45,-90.03,298.15,7.2
Raipur,44,IN,1512360499,69,26.05,74.02,287.294,1.26
Puerto Varas,75,CL,1512358440,87,-41.32,-72.99,284.15,2.6
Tain,36,GB,1512359400,87,57.8,-4.07,282.15,5.1
Sao Jose de Piranhas,0,BR,1512360333,56,-7.12,-38.5,297.994,4.91
Begampur,0,IN,1512360000,60,22.74,88.24,294.15,2.1
Busteni,12,RO,1512360502,79,45.4,25.53,267.269,0.86
Basesti,90,RO,1512358200,92,47.48,23.15,273.15,4.6
Aguining,48,PH,1512360504,84,10.09,124.59,302.394,2.01
Kanodar,48,IN,1512360504,63,24.1,72.38,291.644,4.11
Columbia,1,US,1512359760,93,34.0,-81.03,282.15,1.36
Schitu,0,RO,1512358200,86,44.19,25.78,276.15,4.1
Cawayan Bugtang,75,PH,1512356400,62,15.63,120.79,304.15,1.0
Badamdar,90,AZ,1512358200,81,40.34,49.8,283.15,4.6
Nandura,36,IN,1512360508,66,20.83,76.45,290.644,2.91
Mazeikiai,88,LT,1512360509,97,56.32,22.33,274.644,4.21
Sand Springs,1,US,1512359700,68,36.14,-96.11,292.15,5.1
Zboriv,92,UA,1512360511,96,49.66,25.14,271.544,3.71
Le Chambon-Feugerolles,90,FR,1512360000,92,45.4,4.33,273.15,1.36
Aritao,48,PH,1512360512,80,16.3,121.03,298.219,1.11
Baliton,12,PH,1512360513,88,5.74,125.24,301.644,0.26
Maneromango,40,TZ,1512356400,94,-7.2,38.78,298.15,1.11
Moengo,0,SR,1512360514,76,5.62,-54.4,299.019,2.16
Rutana,0,BI,1512360515,91,-3.92,29.99,284.519,1.06
Kabale,0,UG,1512360516,100,-1.33,30.0,283.144,0.96
Ansonia,90,US,1512359760,100,41.35,-73.08,279.15,1.5
Pusztaszer,0,HU,1512357300,80,46.55,19.99,273.15,6.2
Schoten,88,BE,1512359700,93,51.25,4.5,278.15,2.6
Donskoye,88,RU,1512360520,97,52.76,41.45,274.719,6.11
Melilla,0,ES,1512360000,81,35.28,-2.94,281.15,4.76
Saliste,48,RO,1512358200,87,45.78,23.88,273.15,4.1
Santiago,20,CR,1512356400,73,9.85,-84.31,294.15,7.7
Pevek,20,RU,1512360523,89,69.17,172.7,265.869,1.61
Santa Barbara,80,MX,1512360322,58,26.8,-105.82,284.769,1.66
Kericho,0,KE,1512356400,88,-0.37,35.28,292.15,2.6
Ureki,0,GE,1512358200,47,41.99,41.76,286.15,11.3
Kaltasy,92,RU,1512360526,84,55.97,54.8,268.994,5.11
Joaima,92,BR,1512360527,93,-16.65,-41.03,294.019,1.41
Eldama Ravine,0,KE,1512356400,81,0.05,35.72,285.15,5.1
Helong,8,CN,1512360528,57,42.54,129.0,260.969,2.31
Matsubase,75,JP,1512356400,87,32.65,130.67,286.15,2.6
Laurens,1,US,1512359760,93,34.5,-82.01,284.15,2.6
Tifesti,8,RO,1512360531,82,45.85,27.1,268.244,1.16
Zitiste,75,RS,1512358200,92,45.48,20.55,272.15,3.1
Perisani,56,RO,1512358200,89,45.38,24.4,273.15,4.1
Nebbi,44,UG,1512360533,78,2.48,31.1,293.619,1.26
Perlé,75,LU,1512359760,100,49.81,5.77,273.15,4.6
Humboldt,1,US,1512359760,47,35.82,-88.92,287.15,2.1
Zezen Khana,12,MN,1512360536,65,47.32,110.65,257.144,3.66
Pangpang,0,PH,1512360537,94,15.94,120.31,299.769,1.31
Hunterville,0,NZ,1512360537,36,-39.93,175.57,299.019,4.06
Gemeente Aalsmeer,75,NL,1512359700,87,52.27,4.77,280.15,3.1
San Nicolas,92,HN,1512360539,100,14.92,-88.3,292.669,0.96
Gelnica,90,SK,1512358200,100,48.85,20.93,272.15,1.0
Essenbach,90,DE,1512359400,92,48.62,12.22,272.15,7.2
Zolotkovo,92,RU,1512360542,96,55.51,41.08,273.719,2.86
Beltsville,1,US,1512359760,100,39.03,-76.91,279.15,1.21
North Bergen,1,US,1512359760,75,40.8,-74.01,280.15,1.86
Farrukhnagar,40,IN,1512360000,94,17.08,78.2,297.15,3.1
Las Animas,92,HN,1512360545,97,14.28,-86.6,291.169,1.01
Cosina,0,PH,1512360545,74,8.11,124.62,301.119,1.46
Zunilito,0,GT,1512360546,97,14.62,-91.52,297.144,1.46
Brockville,1,CA,1512359760,100,44.58,-75.68,273.15,0.96
Bitritto,0,IT,1512359400,93,41.05,16.83,278.15,3.1
Gusevskiy,92,RU,1512360549,96,55.66,40.56,273.719,2.86
Nueva Guadalupe,0,SV,1512360550,63,13.53,-88.35,294.744,1.51
Jvari,0,GE,1512358200,68,42.71,42.05,283.15,9.8
Stollberg,90,DE,1512356400,92,50.72,12.8,270.15,4.1
Surakarta,36,ID,1512360407,63,-7.56,110.83,303.594,1.31
Escuinapa de Hidalgo,75,MX,1512355380,88,22.85,-105.8,296.15,1.5
Vakhsh,92,TJ,1512360554,89,37.71,68.83,270.044,1.61
Sao Mateus,32,BR,1512360554,96,-18.73,-39.85,298.419,6.01
Santa Maria da Vitoria,68,BR,1512360555,97,-13.4,-44.2,292.244,2.71
Voslobeni,20,RO,1512360556,92,46.65,25.63,269.794,1.81
Pietrosani,76,RO,1512360557,86,45.18,24.85,270.144,1.21
Proletarskiy,44,RU,1512358200,93,45.55,39.19,277.15,2.0
Bad Schwartau,0,DE,1512359400,86,53.92,10.7,278.15,5.1
Tabivere vald,92,EE,1512359400,92,58.69,26.58,272.15,4.1
Panikian,40,PH,1512356400,62,7.01,126.02,305.15,5.1
Nakatsugawa,32,JP,1512360560,42,35.48,137.5,284.844,1.26
Ridgefield,1,US,1512359760,93,40.83,-74.01,280.15,1.5
Tucume,20,PE,1512356400,82,-6.47,-79.85,292.15,6.7
Zuenoula,0,CI,1512360563,93,7.43,-6.05,295.969,3.16
Zacatlan,56,MX,1512360563,100,19.93,-97.97,282.594,0.26
Torrington,90,US,1512358500,89,41.8,-73.12,278.15,1.5
Tchaourou,0,BJ,1512360564,56,8.88,2.6,292.394,1.51
Sirohi,56,IN,1512360566,68,24.88,72.87,288.544,1.16
Gobindpur,0,IN,1512360000,63,22.63,86.07,292.15,1.5
Znin,90,PL,1512360000,100,52.85,17.72,274.15,6.7
San Jose Chiapa,0,MX,1512360568,77,19.25,-97.77,280.619,1.51
Thalgau,75,AT,1512357600,79,47.83,13.25,270.15,3.6
Zelenikovo,75,MK,1512358200,80,41.89,21.59,277.15,3.1
Demba,88,CD,1512360570,96,-5.51,22.27,294.269,1.06
Schwarzenbach an der Saale,92,DE,1512360571,94,50.22,11.93,271.619,6.11
Novyye Atagi,20,RU,1512360572,70,43.14,45.77,270.969,0.71
Junin,88,AR,1512360573,68,-34.58,-60.94,292.719,6.61
Jatibarang,24,ID,1512360574,100,-6.58,108.32,302.219,0.96
Kurchatov,90,RU,1512358200,100,51.66,35.65,278.15,6.0
Kholbon,0,RU,1512360575,62,51.88,116.25,247.069,1.16
Nakasongola,0,UG,1512360576,89,1.31,32.46,288.119,1.36
Mehamn,75,NO,1512359400,92,71.03,27.85,272.15,5.1
Mihaileni,88,RO,1512358200,91,45.98,24.35,274.15,4.1
Viana,75,BR,1512356400,100,-20.38,-40.5,296.15,1.5
Rafaela,64,AR,1512360580,84,-31.25,-61.49,293.469,4.81
Bijbiara,0,IN,1512360581,69,33.8,75.1,266.119,0.76
Galgaheviz,0,HU,1512360000,74,47.62,19.57,272.15,3.6
Jacksonville,1,US,1512358500,58,39.73,-90.23,287.15,6.7
Amparo,0,BR,1512356400,83,-22.7,-46.78,294.15,5.1
Williston,90,US,1512359700,69,48.13,-103.63,275.15,2.6
Bac Ninh,0,VN,1512358200,60,21.18,106.05,296.15,4.6
Holstebro,36,DK,1512359400,87,56.36,8.62,275.15,3.6
Colonial Park,1,US,1512359760,78,40.3,-76.81,273.15,0.81
Jaen,48,PE,1512360588,96,-5.71,-78.81,289.919,0.76
Oran,56,IN,1512360589,60,25.38,80.75,288.244,1.41
Bangarmau,20,IN,1512358200,82,26.9,80.22,287.15,1.31
Albignasego,0,IT,1512357600,86,45.35,11.87,272.15,0.5
Russkaya Polyana,76,RU,1512360592,76,53.78,73.88,261.994,5.51
Malabon,8,PH,1512360300,96,15.64,119.94,301.169,1.36
West Palm Beach,1,US,1512358500,73,26.71,-80.05,296.15,4.01
Winchester,1,US,1512358500,78,37.99,-84.18,281.15,2.56
Czarnkow,90,PL,1512360000,96,52.9,16.56,274.15,5.7
Korotych,90,UA,1512358200,93,49.95,36.04,278.15,4.0
Kongsvinger,12,NO,1512360595,86,60.2,12.0,263.594,1.81
Pechea,12,RO,1512360596,91,45.63,27.8,271.519,1.21
Vasilati,0,RO,1512358200,86,44.29,26.45,276.15,4.1
Rakek,20,SI,1512358200,92,45.81,14.31,270.15,1.16
Laza,90,RO,1512358200,100,46.65,27.58,274.15,1.26
Burshtyn,75,UA,1512358200,100,49.26,24.63,272.15,1.0
Powell River,20,CA,1512356400,92,49.88,-124.55,275.15,4.11
Puerto Guzman,12,CO,1512360600,89,0.96,-76.41,293.394,1.06
Santa Luzia,90,BR,1512356400,94,-19.78,-43.87,294.15,1.66
Ampelakia,20,GR,1512359400,87,37.95,23.53,282.15,5.56
Tumen,0,CN,1512360604,56,42.97,129.84,261.669,2.01
Loamnes,36,RO,1512358200,84,45.93,24.1,274.15,4.1
Agogo,0,GH,1512360606,93,6.8,-1.08,294.594,1.61
Sabana Grande de Boya,20,DO,1512356400,94,18.95,-69.8,297.15,1.0
Vranovice,90,CZ,1512358200,86,48.97,16.6,272.15,3.1
Anjozorobe,75,MG,1512358200,88,-18.4,47.87,290.15,1.0
Piossasco,0,IT,1512359400,74,44.98,7.47,271.15,1.5
Bruchsal,90,DE,1512359400,96,49.13,8.58,273.15,6.2
San Manuel,56,PH,1512360611,100,17.02,121.64,298.294,0.96
Stara Ves nad Ondrejnici,90,CZ,1512358200,80,49.73,18.19,272.15,8.2
Morozovsk,76,RU,1512360612,94,48.36,41.83,277.419,5.41
Sikandra,64,IN,1512360613,53,26.37,79.65,288.094,1.31
Broxburn,0,GB,1512359400,93,55.93,-3.47,280.15,4.1
Nomós Ioannínon,75,GR,1512359400,87,39.75,20.65,283.15,1.06
Kosai-shi,75,JP,1512358200,71,34.7,137.52,283.15,1.5
Vazhiny,92,RU,1512360616,88,60.96,34.02,272.544,6.46
Saint-Nazaire,32,FR,1512360000,100,47.28,-2.21,281.15,2.1
Hinche,68,HT,1512360618,86,19.15,-72.02,294.094,1.31
Calca,40,PE,1512356400,71,-13.33,-71.95,283.15,1.5
Encruzilhada,76,BR,1512360620,93,-15.52,-40.9,294.269,2.86
Kraksaan,0,ID,1512360621,80,-7.76,113.41,303.244,1.76
La Calera,75,MX,1512355980,58,20.78,-101.32,286.15,1.06
San Giuliano Terme,0,IT,1512357600,74,43.77,10.43,276.15,1.5
Isaka,88,TZ,1512360623,97,-3.9,32.93,289.469,3.06
Tres Passos,12,BR,1512360624,85,-27.45,-53.93,294.894,0.96
Ilam,20,NP,1512360625,61,26.9,87.93,289.094,0.76
